{
  "model_type": "xgboost",
  "feature_names": [
    "title_length",
    "title_word_count",
    "title_uppercase_ratio",
    "title_digit_count",
    "title_special_char_count",
    "title_sentiment_polarity",
    "title_sentiment_subjectivity",
    "has_question_mark",
    "has_exclamation",
    "title_capitalized_words",
    "publish_hour",
    "publish_day_of_week",
    "publish_month",
    "is_weekend",
    "is_peak_hour",
    "duration_seconds",
    "duration_minutes",
    "is_short_video",
    "is_medium_video",
    "is_long_video",
    "tags_count",
    "avg_tag_length",
    "description_length",
    "description_word_count",
    "description_link_count"
  ],
  "feature_importance": {
    "title_length": 0.0034703260753303766,
    "title_word_count": 0.003976194653660059,
    "title_uppercase_ratio": 0.005707330536097288,
    "title_digit_count": 0.004604059271514416,
    "title_special_char_count": 0.0053912559524178505,
    "title_sentiment_polarity": 0.007427636068314314,
    "title_sentiment_subjectivity": 0.007964430376887321,
    "has_question_mark": 0.05309118330478668,
    "has_exclamation": 0.005034252069890499,
    "title_capitalized_words": 0.006960356142371893,
    "publish_hour": 0.007534795440733433,
    "publish_day_of_week": 0.007007410749793053,
    "publish_month": 0.006515122018754482,
    "is_weekend": 0.12575142085552216,
    "is_peak_hour": 0.6203897595405579,
    "duration_seconds": 0.008395889773964882,
    "duration_minutes": 0.04622497037053108,
    "is_short_video": 0.00561490235850215,
    "is_medium_video": 0.006054054480046034,
    "is_long_video": 0.007848372682929039,
    "tags_count": 0.018244478851556778,
    "avg_tag_length": 0.008877934888005257,
    "description_length": 0.00848025269806385,
    "description_word_count": 0.00921938382089138,
    "description_link_count": 0.010214259847998619
  }
}